{
  "baseline": {
    "best_acc": 73.0,
    "final_gap": 26.992403350515474,
    "rob_mean": 45.211999999999996,
    "robustness_detail": {
      "gaussian_noise_s1": 70.58,
      "gaussian_noise_s3": 62.74,
      "gaussian_noise_s5": 52.92,
      "gaussian_blur_s1": 30.73,
      "gaussian_blur_s3": 10.29,
      "gaussian_blur_s5": 5.58,
      "contrast_s1": 72.14,
      "contrast_s3": 55.2,
      "contrast_s5": 23.92,
      "brightness_s1": 72.81,
      "brightness_s3": 72.48,
      "brightness_s5": 71.3,
      "shot_noise_s1": 31.2,
      "shot_noise_s3": 25.27,
      "shot_noise_s5": 21.02
    },
    "avg_epoch_time": 17.791921935081483,
    "vram_peak_gb": 1.426467328
  },
  "fixed_0.7": {
    "best_acc": 73.34,
    "final_gap": 26.674687500000005,
    "rob_mean": 46.07933333333333,
    "robustness_detail": {
      "gaussian_noise_s1": 71.4,
      "gaussian_noise_s3": 65.04,
      "gaussian_noise_s5": 55.32,
      "gaussian_blur_s1": 31.32,
      "gaussian_blur_s3": 10.22,
      "gaussian_blur_s5": 4.86,
      "contrast_s1": 72.11,
      "contrast_s3": 55.16,
      "contrast_s5": 24.06,
      "brightness_s1": 73.18,
      "brightness_s3": 72.51,
      "brightness_s5": 71.27,
      "shot_noise_s1": 33.25,
      "shot_noise_s3": 27.94,
      "shot_noise_s5": 23.55
    },
    "avg_epoch_time": 28.553607749938966,
    "vram_peak_gb": 1.670523392
  },
  "linear_03_09": {
    "best_acc": 72.61,
    "final_gap": 27.165347938144336,
    "rob_mean": 45.266000000000005,
    "robustness_detail": {
      "gaussian_noise_s1": 70.32,
      "gaussian_noise_s3": 63.59,
      "gaussian_noise_s5": 52.98,
      "gaussian_blur_s1": 31.44,
      "gaussian_blur_s3": 11.78,
      "gaussian_blur_s5": 6.26,
      "contrast_s1": 71.61,
      "contrast_s3": 55.1,
      "contrast_s5": 25.04,
      "brightness_s1": 72.37,
      "brightness_s3": 71.85,
      "brightness_s5": 70.56,
      "shot_noise_s1": 30.78,
      "shot_noise_s3": 24.72,
      "shot_noise_s5": 20.59
    },
    "avg_epoch_time": 28.536805267333985,
    "vram_peak_gb": 1.674455552
  },
  "cosine_03_09": {
    "best_acc": 72.3,
    "final_gap": 27.61682023195877,
    "rob_mean": 45.052666666666674,
    "robustness_detail": {
      "gaussian_noise_s1": 70.18,
      "gaussian_noise_s3": 63.86,
      "gaussian_noise_s5": 53.63,
      "gaussian_blur_s1": 31.07,
      "gaussian_blur_s3": 10.77,
      "gaussian_blur_s5": 5.94,
      "contrast_s1": 71.55,
      "contrast_s3": 54.4,
      "contrast_s5": 24.73,
      "brightness_s1": 72.15,
      "brightness_s3": 71.58,
      "brightness_s5": 70.36,
      "shot_noise_s1": 30.45,
      "shot_noise_s3": 24.62,
      "shot_noise_s5": 20.5
    },
    "avg_epoch_time": 30.586560482978822,
    "vram_peak_gb": 1.67301376
  },
  "reverse_09_03": {
    "best_acc": 73.43,
    "final_gap": 26.213334407216493,
    "rob_mean": 46.14133333333334,
    "robustness_detail": {
      "gaussian_noise_s1": 71.73,
      "gaussian_noise_s3": 65.4,
      "gaussian_noise_s5": 56.14,
      "gaussian_blur_s1": 30.22,
      "gaussian_blur_s3": 10.75,
      "gaussian_blur_s5": 6.15,
      "contrast_s1": 72.3,
      "contrast_s3": 55.49,
      "contrast_s5": 24.17,
      "brightness_s1": 73.5,
      "brightness_s3": 72.1,
      "brightness_s5": 69.34,
      "shot_noise_s1": 32.86,
      "shot_noise_s3": 28.36,
      "shot_noise_s5": 23.61
    },
    "avg_epoch_time": 29.35698797225952,
    "vram_peak_gb": 1.67301376
  },
  "step_03_07_09": {
    "best_acc": 72.12,
    "final_gap": 27.43017074742268,
    "rob_mean": 45.756,
    "robustness_detail": {
      "gaussian_noise_s1": 69.84,
      "gaussian_noise_s3": 63.62,
      "gaussian_noise_s5": 55.11,
      "gaussian_blur_s1": 31.3,
      "gaussian_blur_s3": 12.52,
      "gaussian_blur_s5": 6.96,
      "contrast_s1": 71.22,
      "contrast_s3": 56.42,
      "contrast_s5": 27.32,
      "brightness_s1": 72.07,
      "brightness_s3": 71.22,
      "brightness_s5": 70.11,
      "shot_noise_s1": 31.08,
      "shot_noise_s3": 25.89,
      "shot_noise_s5": 21.66
    },
    "avg_epoch_time": 29.001439924240113,
    "vram_peak_gb": 1.67301376
  }
}