{
  "block_l4": {
    "best_acc": 57.31,
    "final_gap": 42.49267396907216,
    "rob_mean": 35.993333333333325,
    "robustness_detail": {
      "gaussian_noise_s1": 56.93,
      "gaussian_noise_s3": 55.74,
      "gaussian_noise_s5": 52.21,
      "gaussian_blur_s1": 31.53,
      "gaussian_blur_s3": 16.14,
      "gaussian_blur_s5": 10.5,
      "contrast_s1": 54.54,
      "contrast_s3": 24.08,
      "contrast_s5": 6.71,
      "brightness_s1": 57.21,
      "brightness_s3": 55.71,
      "brightness_s5": 53.28,
      "shot_noise_s1": 22.98,
      "shot_noise_s3": 22.06,
      "shot_noise_s5": 20.28
    },
    "avg_epoch_time": 75.22112027168274,
    "vram_peak_gb": 7.433655808,
    "beta": 0.5
  },
  "attn_out_l4": {
    "best_acc": 57.02,
    "final_gap": 42.78059278350516,
    "rob_mean": 35.53,
    "robustness_detail": {
      "gaussian_noise_s1": 56.82,
      "gaussian_noise_s3": 55.15,
      "gaussian_noise_s5": 52.0,
      "gaussian_blur_s1": 31.41,
      "gaussian_blur_s3": 16.25,
      "gaussian_blur_s5": 10.12,
      "contrast_s1": 54.27,
      "contrast_s3": 24.37,
      "contrast_s5": 6.12,
      "brightness_s1": 56.91,
      "brightness_s3": 55.09,
      "brightness_s5": 52.44,
      "shot_noise_s1": 22.17,
      "shot_noise_s3": 20.88,
      "shot_noise_s5": 18.95
    },
    "avg_epoch_time": 76.38158096313477,
    "vram_peak_gb": 7.63654912,
    "beta": 0.5
  },
  "attn_wt_l4": {
    "best_acc": 56.01,
    "final_gap": 44.09663337628865,
    "rob_mean": 34.42933333333333,
    "robustness_detail": {
      "gaussian_noise_s1": 55.49,
      "gaussian_noise_s3": 53.89,
      "gaussian_noise_s5": 50.69,
      "gaussian_blur_s1": 29.85,
      "gaussian_blur_s3": 15.88,
      "gaussian_blur_s5": 10.43,
      "contrast_s1": 52.47,
      "contrast_s3": 21.43,
      "contrast_s5": 5.71,
      "brightness_s1": 55.68,
      "brightness_s3": 54.15,
      "brightness_s5": 51.07,
      "shot_noise_s1": 20.94,
      "shot_noise_s3": 20.05,
      "shot_noise_s5": 18.71
    },
    "avg_epoch_time": 76.36021698951721,
    "vram_peak_gb": 7.743387136,
    "beta": 0.5
  },
  "dual_l4": {
    "best_acc": 57.66,
    "final_gap": 42.26482280927834,
    "rob_mean": 36.12266666666667,
    "robustness_detail": {
      "gaussian_noise_s1": 57.24,
      "gaussian_noise_s3": 56.09,
      "gaussian_noise_s5": 52.53,
      "gaussian_blur_s1": 31.65,
      "gaussian_blur_s3": 16.73,
      "gaussian_blur_s5": 10.85,
      "contrast_s1": 55.32,
      "contrast_s3": 25.61,
      "contrast_s5": 6.83,
      "brightness_s1": 57.38,
      "brightness_s3": 56.49,
      "brightness_s5": 53.44,
      "shot_noise_s1": 21.82,
      "shot_noise_s3": 20.72,
      "shot_noise_s5": 19.14
    },
    "avg_epoch_time": 73.88111606121063,
    "vram_peak_gb": 7.748177408,
    "beta": 0.5
  },
  "attn_wt_all": {
    "best_acc": 56.88,
    "final_gap": 42.98267396907216,
    "rob_mean": 35.66066666666667,
    "robustness_detail": {
      "gaussian_noise_s1": 56.82,
      "gaussian_noise_s3": 55.13,
      "gaussian_noise_s5": 52.14,
      "gaussian_blur_s1": 31.64,
      "gaussian_blur_s3": 16.32,
      "gaussian_blur_s5": 10.66,
      "contrast_s1": 53.96,
      "contrast_s3": 23.9,
      "contrast_s5": 6.83,
      "brightness_s1": 57.03,
      "brightness_s3": 55.38,
      "brightness_s5": 52.49,
      "shot_noise_s1": 21.98,
      "shot_noise_s3": 21.15,
      "shot_noise_s5": 19.48
    },
    "avg_epoch_time": 81.15661472320556,
    "vram_peak_gb": 8.369643008,
    "beta": 0.5
  },
  "triple_l4": {
    "best_acc": 57.93,
    "final_gap": 42.06066043814433,
    "rob_mean": 36.124,
    "robustness_detail": {
      "gaussian_noise_s1": 57.52,
      "gaussian_noise_s3": 55.96,
      "gaussian_noise_s5": 52.59,
      "gaussian_blur_s1": 32.0,
      "gaussian_blur_s3": 16.79,
      "gaussian_blur_s5": 10.59,
      "contrast_s1": 54.92,
      "contrast_s3": 25.06,
      "contrast_s5": 6.07,
      "brightness_s1": 57.77,
      "brightness_s3": 56.33,
      "brightness_s5": 53.78,
      "shot_noise_s1": 22.27,
      "shot_noise_s3": 21.08,
      "shot_noise_s5": 19.13
    },
    "avg_epoch_time": 80.94898353099823,
    "vram_peak_gb": 8.369643008,
    "beta": 0.5
  }
}