{
  "randaug": {
    "best_acc": 60.43,
    "final_gap": 30.126539948453605,
    "rob_mean": 40.89333333333333,
    "robustness_detail": {
      "gaussian_noise_s1": 59.94,
      "gaussian_noise_s3": 57.65,
      "gaussian_noise_s5": 53.2,
      "gaussian_blur_s1": 37.57,
      "gaussian_blur_s3": 19.46,
      "gaussian_blur_s5": 12.12,
      "contrast_s1": 59.77,
      "contrast_s3": 45.51,
      "contrast_s5": 17.83,
      "brightness_s1": 60.43,
      "brightness_s3": 60.19,
      "brightness_s5": 59.22,
      "shot_noise_s1": 25.85,
      "shot_noise_s3": 23.76,
      "shot_noise_s5": 20.9
    },
    "avg_epoch_time": 63.04521879673004,
    "vram_peak_gb": 7.428150784
  },
  "randaug_ses": {
    "best_acc": 61.34,
    "final_gap": 29.560447809278344,
    "rob_mean": 41.84933333333333,
    "robustness_detail": {
      "gaussian_noise_s1": 60.89,
      "gaussian_noise_s3": 58.98,
      "gaussian_noise_s5": 54.59,
      "gaussian_blur_s1": 39.84,
      "gaussian_blur_s3": 21.71,
      "gaussian_blur_s5": 12.79,
      "contrast_s1": 60.3,
      "contrast_s3": 45.8,
      "contrast_s5": 16.87,
      "brightness_s1": 61.44,
      "brightness_s3": 60.91,
      "brightness_s5": 60.03,
      "shot_noise_s1": 26.56,
      "shot_noise_s3": 24.65,
      "shot_noise_s5": 22.38
    },
    "avg_epoch_time": 85.23680970191955,
    "vram_peak_gb": 7.447608832
  },
  "randaug_mixup": {
    "best_acc": 53.84,
    "final_gap": -17.76195192531212,
    "rob_mean": 36.78466666666666,
    "robustness_detail": {
      "gaussian_noise_s1": 53.89,
      "gaussian_noise_s3": 53.22,
      "gaussian_noise_s5": 51.25,
      "gaussian_blur_s1": 35.23,
      "gaussian_blur_s3": 20.57,
      "gaussian_blur_s5": 13.71,
      "contrast_s1": 53.52,
      "contrast_s3": 35.71,
      "contrast_s5": 8.68,
      "brightness_s1": 53.83,
      "brightness_s3": 53.49,
      "brightness_s5": 52.71,
      "shot_noise_s1": 22.88,
      "shot_noise_s3": 22.05,
      "shot_noise_s5": 21.03
    },
    "avg_epoch_time": 63.05848680019378,
    "vram_peak_gb": 7.447608832
  },
  "randaug_ses_mixup": {
    "best_acc": 55.9,
    "final_gap": -18.3050078932772,
    "rob_mean": 39.30066666666667,
    "robustness_detail": {
      "gaussian_noise_s1": 55.59,
      "gaussian_noise_s3": 54.93,
      "gaussian_noise_s5": 52.83,
      "gaussian_blur_s1": 38.52,
      "gaussian_blur_s3": 22.37,
      "gaussian_blur_s5": 14.59,
      "contrast_s1": 55.76,
      "contrast_s3": 40.11,
      "contrast_s5": 11.22,
      "brightness_s1": 55.95,
      "brightness_s3": 55.73,
      "brightness_s5": 54.75,
      "shot_noise_s1": 26.53,
      "shot_noise_s3": 25.87,
      "shot_noise_s5": 24.76
    },
    "avg_epoch_time": 86.54264734745026,
    "vram_peak_gb": 7.44905472
  },
  "randaug_cutmix": {
    "best_acc": 54.8,
    "final_gap": -25.633174715337063,
    "rob_mean": 35.38133333333334,
    "robustness_detail": {
      "gaussian_noise_s1": 54.41,
      "gaussian_noise_s3": 52.56,
      "gaussian_noise_s5": 48.84,
      "gaussian_blur_s1": 31.61,
      "gaussian_blur_s3": 15.84,
      "gaussian_blur_s5": 9.46,
      "contrast_s1": 53.21,
      "contrast_s3": 32.83,
      "contrast_s5": 9.85,
      "brightness_s1": 54.66,
      "brightness_s3": 53.65,
      "brightness_s5": 51.79,
      "shot_noise_s1": 22.36,
      "shot_noise_s3": 21.15,
      "shot_noise_s5": 18.5
    },
    "avg_epoch_time": 64.45451478481293,
    "vram_peak_gb": 7.44905472
  },
  "randaug_ses_cutmix": {
    "best_acc": 54.15,
    "final_gap": -25.03734894742671,
    "rob_mean": 35.62866666666666,
    "robustness_detail": {
      "gaussian_noise_s1": 54.22,
      "gaussian_noise_s3": 52.1,
      "gaussian_noise_s5": 47.75,
      "gaussian_blur_s1": 33.07,
      "gaussian_blur_s3": 16.15,
      "gaussian_blur_s5": 9.63,
      "contrast_s1": 52.89,
      "contrast_s3": 34.7,
      "contrast_s5": 10.77,
      "brightness_s1": 54.06,
      "brightness_s3": 53.62,
      "brightness_s5": 52.15,
      "shot_noise_s1": 23.28,
      "shot_noise_s3": 21.25,
      "shot_noise_s5": 18.79
    },
    "avg_epoch_time": 86.2663613653183,
    "vram_peak_gb": 7.44905472
  }
}