{
  "baseline": {
    "best_acc": 55.28,
    "final_gap": 44.49837628865979,
    "rob_mean": 34.745999999999995,
    "robustness_detail": {
      "gaussian_noise_s1": 55.23,
      "gaussian_noise_s3": 54.01,
      "gaussian_noise_s5": 51.16,
      "gaussian_blur_s1": 30.01,
      "gaussian_blur_s3": 15.74,
      "gaussian_blur_s5": 10.3,
      "contrast_s1": 52.67,
      "contrast_s3": 21.57,
      "contrast_s5": 5.64,
      "brightness_s1": 55.57,
      "brightness_s3": 53.73,
      "brightness_s5": 50.82,
      "shot_noise_s1": 22.45,
      "shot_noise_s3": 21.87,
      "shot_noise_s5": 20.42
    },
    "avg_epoch_time": 57.48899591445923,
    "vram_peak_gb": 7.428150784,
    "beta": 0.7
  },
  "beta_0.5": {
    "best_acc": 57.94,
    "final_gap": 42.12851159793815,
    "rob_mean": 36.26933333333333,
    "robustness_detail": {
      "gaussian_noise_s1": 57.57,
      "gaussian_noise_s3": 56.06,
      "gaussian_noise_s5": 52.34,
      "gaussian_blur_s1": 30.98,
      "gaussian_blur_s3": 15.37,
      "gaussian_blur_s5": 10.18,
      "contrast_s1": 55.18,
      "contrast_s3": 26.34,
      "contrast_s5": 7.35,
      "brightness_s1": 57.69,
      "brightness_s3": 56.25,
      "brightness_s5": 53.39,
      "shot_noise_s1": 23.17,
      "shot_noise_s3": 22.18,
      "shot_noise_s5": 19.99
    },
    "avg_epoch_time": 78.7271941280365,
    "vram_peak_gb": 7.447608832,
    "beta": 0.5
  },
  "last_4": {
    "best_acc": 57.61,
    "final_gap": 42.190660438144334,
    "rob_mean": 36.124,
    "robustness_detail": {
      "gaussian_noise_s1": 57.1,
      "gaussian_noise_s3": 55.32,
      "gaussian_noise_s5": 52.27,
      "gaussian_blur_s1": 31.6,
      "gaussian_blur_s3": 16.9,
      "gaussian_blur_s5": 10.56,
      "contrast_s1": 55.21,
      "contrast_s3": 24.74,
      "contrast_s5": 7.19,
      "brightness_s1": 57.49,
      "brightness_s3": 56.03,
      "brightness_s5": 53.05,
      "shot_noise_s1": 23.14,
      "shot_noise_s3": 21.6,
      "shot_noise_s5": 19.66
    },
    "avg_epoch_time": 65.33350603580475,
    "vram_peak_gb": 7.447608832,
    "beta": 0.7
  },
  "beta_0.3": {
    "best_acc": 55.28,
    "final_gap": 44.61455219072165,
    "rob_mean": 34.422000000000004,
    "robustness_detail": {
      "gaussian_noise_s1": 54.95,
      "gaussian_noise_s3": 53.54,
      "gaussian_noise_s5": 51.01,
      "gaussian_blur_s1": 31.21,
      "gaussian_blur_s3": 16.48,
      "gaussian_blur_s5": 10.89,
      "contrast_s1": 52.21,
      "contrast_s3": 21.54,
      "contrast_s5": 5.72,
      "brightness_s1": 55.25,
      "brightness_s3": 53.78,
      "brightness_s5": 50.63,
      "shot_noise_s1": 20.87,
      "shot_noise_s3": 19.81,
      "shot_noise_s5": 18.44
    },
    "avg_epoch_time": 89.12345026016236,
    "vram_peak_gb": 7.44623872,
    "beta": 0.3
  },
  "beta_0.9": {
    "best_acc": 56.66,
    "final_gap": 43.3504574742268,
    "rob_mean": 35.962,
    "robustness_detail": {
      "gaussian_noise_s1": 56.65,
      "gaussian_noise_s3": 55.23,
      "gaussian_noise_s5": 52.82,
      "gaussian_blur_s1": 33.47,
      "gaussian_blur_s3": 18.77,
      "gaussian_blur_s5": 12.52,
      "contrast_s1": 53.98,
      "contrast_s3": 23.9,
      "contrast_s5": 5.72,
      "brightness_s1": 56.63,
      "brightness_s3": 55.15,
      "brightness_s5": 52.38,
      "shot_noise_s1": 21.66,
      "shot_noise_s3": 20.7,
      "shot_noise_s5": 19.85
    },
    "avg_epoch_time": 88.8021037864685,
    "vram_peak_gb": 7.447608832,
    "beta": 0.9
  },
  "first_4": {
    "best_acc": 57.04,
    "final_gap": 42.89059278350516,
    "rob_mean": 35.902,
    "robustness_detail": {
      "gaussian_noise_s1": 56.83,
      "gaussian_noise_s3": 55.34,
      "gaussian_noise_s5": 52.2,
      "gaussian_blur_s1": 33.13,
      "gaussian_blur_s3": 17.99,
      "gaussian_blur_s5": 11.74,
      "contrast_s1": 54.27,
      "contrast_s3": 24.04,
      "contrast_s5": 6.82,
      "brightness_s1": 56.65,
      "brightness_s3": 54.71,
      "brightness_s5": 52.12,
      "shot_noise_s1": 22.06,
      "shot_noise_s3": 20.88,
      "shot_noise_s5": 19.75
    },
    "avg_epoch_time": 76.63729515075684,
    "vram_peak_gb": 7.447608832,
    "beta": 0.7
  }
}